{
    "logs": [
        {
            "outputFile": "C:\\Users\\dawoo\\AndroidStudioProjects\\SketchAnImage\\app\\build\\intermediates\\incremental\\mergeDebugResources\\merged.dir\\values-night-v8\\values-night-v8.xml",
            "map": [
                {
                    "source": "C:\\Users\\dawoo\\.gradle\\caches\\transforms-2\\files-2.1\\697f71c0c12135256cbfe98df498a7e4\\appcompat-1.0.2\\res\\values-night-v8\\values-night-v8.xml",
                    "from": {
                        "startLines": "2,3,4,5,6,7,8",
                        "startColumns": "4,4,4,4,4,4,4",
                        "startOffsets": "55,125,209,293,389,491,593",
                        "endColumns": "69,83,83,95,101,101,93",
                        "endOffsets": "120,204,288,384,486,588,682"
                    }
                }
            ]
        }
    ]
}