{
    "logs": [
        {
            "outputFile": "C:\\Users\\dawoo\\AndroidStudioProjects\\SketchAnImage\\app\\build\\intermediates\\incremental\\mergeDebugResources\\merged.dir\\values-fr\\values-fr.xml",
            "map": [
                {
                    "source": "C:\\Users\\dawoo\\.gradle\\caches\\transforms-2\\files-2.1\\8f8ab13dc8f4e84e14a8bb3d9ac92bc4\\core-1.0.1\\res\\values-fr\\values-fr.xml",
                    "from": {
                        "startLines": "2",
                        "startColumns": "4",
                        "startOffsets": "55",
                        "endColumns": "100",
                        "endOffsets": "151"
                    },
                    "to": {
                        "startLines": "30",
                        "startColumns": "4",
                        "startOffsets": "2945",
                        "endColumns": "100",
                        "endOffsets": "3041"
                    }
                },
                {
                    "source": "C:\\Users\\dawoo\\.gradle\\caches\\transforms-2\\files-2.1\\697f71c0c12135256cbfe98df498a7e4\\appcompat-1.0.2\\res\\values-fr\\values-fr.xml",
                    "from": {
                        "startLines": "2,3,4,5,6,7,8,9,10,11,12,13,14,15,16,17,18,19,20,21,22,23,24,25,26,27,28,29",
                        "startColumns": "4,4,4,4,4,4,4,4,4,4,4,4,4,4,4,4,4,4,4,4,4,4,4,4,4,4,4,4",
                        "startOffsets": "105,216,331,442,524,630,760,843,923,1014,1107,1206,1301,1402,1495,1588,1683,1774,1865,1951,2061,2173,2276,2387,2494,2601,2760,2859",
                        "endColumns": "110,114,110,81,105,129,82,79,90,92,98,94,100,92,92,94,90,90,85,109,111,102,110,106,106,158,98,85",
                        "endOffsets": "211,326,437,519,625,755,838,918,1009,1102,1201,1296,1397,1490,1583,1678,1769,1860,1946,2056,2168,2271,2382,2489,2596,2755,2854,2940"
                    }
                }
            ]
        }
    ]
}