{
    "logs": [
        {
            "outputFile": "C:\\Users\\dawoo\\AndroidStudioProjects\\SketchAnImage\\app\\build\\intermediates\\incremental\\mergeDebugResources\\merged.dir\\values-v24\\values-v24.xml",
            "map": [
                {
                    "source": "C:\\Users\\dawoo\\.gradle\\caches\\transforms-2\\files-2.1\\697f71c0c12135256cbfe98df498a7e4\\appcompat-1.0.2\\res\\values-v24\\values-v24.xml",
                    "from": {
                        "startLines": "2,3",
                        "startColumns": "4,4",
                        "startOffsets": "55,212",
                        "endColumns": "156,134",
                        "endOffsets": "207,342"
                    }
                }
            ]
        }
    ]
}