{
    "logs": [
        {
            "outputFile": "C:\\Users\\dawoo\\AndroidStudioProjects\\SketchAnImage\\app\\build\\intermediates\\incremental\\mergeDebugResources\\merged.dir\\values-hdpi-v4\\values-hdpi-v4.xml",
            "map": [
                {
                    "source": "C:\\Users\\dawoo\\.gradle\\caches\\transforms-2\\files-2.1\\697f71c0c12135256cbfe98df498a7e4\\appcompat-1.0.2\\res\\values-hdpi-v4\\values-hdpi-v4.xml",
                    "from": {
                        "startLines": "2",
                        "startColumns": "4",
                        "startOffsets": "55",
                        "endLines": "6",
                        "endColumns": "13",
                        "endOffsets": "327"
                    }
                }
            ]
        }
    ]
}