{
    "logs": [
        {
            "outputFile": "C:\\Users\\dawoo\\AndroidStudioProjects\\SketchAnImage\\app\\build\\intermediates\\incremental\\mergeDebugResources\\merged.dir\\values\\values.xml",
            "map": [
                {
                    "source": "C:\\Users\\dawoo\\.gradle\\caches\\transforms-2\\files-2.1\\697f71c0c12135256cbfe98df498a7e4\\appcompat-1.0.2\\res\\values\\values.xml",
                    "from": {
                        "startLines": "-1,-1,-1,-1,-1,-1,-1,-1,-1,-1,-1,-1,-1,-1,-1,-1,-1,-1,-1,-1,-1,-1,-1,-1,-1,-1,-1,-1,-1,-1,-1,-1,-1,-1,-1,-1,-1,-1,-1,-1,-1,-1,-1,-1,-1,-1,-1,-1,-1,-1,-1,-1,-1,-1,-1,-1,-1,-1,-1,-1,-1,-1,-1,-1,-1,-1,-1,-1,-1,-1,-1,-1,-1,-1,-1,-1,-1,-1,-1,-1,-1,-1,-1,-1,-1,-1,-1,-1,-1,-1,-1,-1,-1,-1,-1,-1,-1,-1,-1,-1,-1,-1,-1,-1,-1,-1,-1,-1,-1,-1,-1,-1,-1,-1,-1,-1,-1,-1,-1,-1,-1,-1,-1,-1,-1,-1,-1,-1,-1,-1,-1,-1,-1,-1,-1,-1,-1,-1,-1,-1,-1,-1,-1,-1,-1,-1,-1,-1,-1,-1,-1,-1,-1,-1,-1,-1,-1,-1,-1,-1,-1,-1,-1,-1,-1,-1,-1,-1,-1,-1,-1,-1,-1,-1,-1,-1,-1,-1,-1,-1,-1,-1,-1,-1,-1,-1,-1,-1,-1,-1,-1,-1,-1,-1,-1,-1,-1,-1,-1,-1,-1,-1,-1,-1,-1,-1,-1,-1,-1,-1,-1,-1,-1,-1,-1,-1,-1,-1,-1,-1,-1,-1,-1,-1,-1,-1,-1,-1,-1,-1,-1,-1,-1,-1,-1,-1,-1,-1,-1,-1,-1,-1,-1,-1,-1,-1,-1,-1,-1,-1,-1,-1,-1,-1,-1,-1,-1,-1,-1,-1,-1,-1,-1,-1,-1,-1,-1,-1,-1,-1,-1,-1,-1,-1,-1,-1,-1,-1,-1,-1,-1,-1,-1,-1,-1,-1,-1,-1,-1,-1,-1,-1,-1,-1,-1,-1,-1,-1,-1,-1,-1,-1,-1,-1,-1,-1,-1,-1,-1,-1,-1,-1,-1,-1,-1,-1,-1,-1,-1,-1,-1,-1,-1,-1,-1,-1,-1,-1,-1,-1,-1,-1,-1,-1,-1,-1,-1,-1,-1,-1,-1,-1,-1,-1,-1,-1,-1,-1,-1,-1,-1,-1,-1,-1,-1,-1,-1,-1,-1,-1,-1,-1,-1,-1,-1,-1,-1,-1,-1,-1,-1,-1,-1,-1,-1,-1,-1,-1,-1,-1,-1,-1,-1,-1,-1,-1,-1,-1,-1,-1,-1,-1,-1,-1,-1,-1,-1,-1,-1,-1,-1,-1,-1,-1,-1,-1,-1,-1,-1,-1,-1,-1,-1,-1,-1,-1,-1,-1,-1,-1,-1,-1,-1,-1,-1,-1,-1,-1,-1,-1,-1,-1,-1,-1,-1,-1,-1,-1,-1,-1,-1,-1,-1,-1,-1,-1,-1,-1,-1,-1,-1,-1,-1,-1,-1,-1,-1,-1,-1,-1,-1,-1,-1,-1,-1,-1,-1,-1,-1,-1,-1,-1,-1,-1,-1,-1,-1,-1,-1,-1,-1,-1,-1,-1,-1,-1,-1,-1,-1,-1,-1,-1,-1,-1,-1,-1,-1,-1,-1,-1,-1,-1,-1,-1,-1,-1,-1,-1,-1,-1,-1,-1,-1,-1,-1,-1,-1,-1,-1,-1,-1,-1,-1,-1,-1,-1,-1,-1,-1,-1",
                        "startColumns": "-1,-1,-1,-1,-1,-1,-1,-1,-1,-1,-1,-1,-1,-1,-1,-1,-1,-1,-1,-1,-1,-1,-1,-1,-1,-1,-1,-1,-1,-1,-1,-1,-1,-1,-1,-1,-1,-1,-1,-1,-1,-1,-1,-1,-1,-1,-1,-1,-1,-1,-1,-1,-1,-1,-1,-1,-1,-1,-1,-1,-1,-1,-1,-1,-1,-1,-1,-1,-1,-1,-1,-1,-1,-1,-1,-1,-1,-1,-1,-1,-1,-1,-1,-1,-1,-1,-1,-1,-1,-1,-1,-1,-1,-1,-1,-1,-1,-1,-1,-1,-1,-1,-1,-1,-1,-1,-1,-1,-1,-1,-1,-1,-1,-1,-1,-1,-1,-1,-1,-1,-1,-1,-1,-1,-1,-1,-1,-1,-1,-1,-1,-1,-1,-1,-1,-1,-1,-1,-1,-1,-1,-1,-1,-1,-1,-1,-1,-1,-1,-1,-1,-1,-1,-1,-1,-1,-1,-1,-1,-1,-1,-1,-1,-1,-1,-1,-1,-1,-1,-1,-1,-1,-1,-1,-1,-1,-1,-1,-1,-1,-1,-1,-1,-1,-1,-1,-1,-1,-1,-1,-1,-1,-1,-1,-1,-1,-1,-1,-1,-1,-1,-1,-1,-1,-1,-1,-1,-1,-1,-1,-1,-1,-1,-1,-1,-1,-1,-1,-1,-1,-1,-1,-1,-1,-1,-1,-1,-1,-1,-1,-1,-1,-1,-1,-1,-1,-1,-1,-1,-1,-1,-1,-1,-1,-1,-1,-1,-1,-1,-1,-1,-1,-1,-1,-1,-1,-1,-1,-1,-1,-1,-1,-1,-1,-1,-1,-1,-1,-1,-1,-1,-1,-1,-1,-1,-1,-1,-1,-1,-1,-1,-1,-1,-1,-1,-1,-1,-1,-1,-1,-1,-1,-1,-1,-1,-1,-1,-1,-1,-1,-1,-1,-1,-1,-1,-1,-1,-1,-1,-1,-1,-1,-1,-1,-1,-1,-1,-1,-1,-1,-1,-1,-1,-1,-1,-1,-1,-1,-1,-1,-1,-1,-1,-1,-1,-1,-1,-1,-1,-1,-1,-1,-1,-1,-1,-1,-1,-1,-1,-1,-1,-1,-1,-1,-1,-1,-1,-1,-1,-1,-1,-1,-1,-1,-1,-1,-1,-1,-1,-1,-1,-1,-1,-1,-1,-1,-1,-1,-1,-1,-1,-1,-1,-1,-1,-1,-1,-1,-1,-1,-1,-1,-1,-1,-1,-1,-1,-1,-1,-1,-1,-1,-1,-1,-1,-1,-1,-1,-1,-1,-1,-1,-1,-1,-1,-1,-1,-1,-1,-1,-1,-1,-1,-1,-1,-1,-1,-1,-1,-1,-1,-1,-1,-1,-1,-1,-1,-1,-1,-1,-1,-1,-1,-1,-1,-1,-1,-1,-1,-1,-1,-1,-1,-1,-1,-1,-1,-1,-1,-1,-1,-1,-1,-1,-1,-1,-1,-1,-1,-1,-1,-1,-1,-1,-1,-1,-1,-1,-1,-1,-1,-1,-1,-1,-1,-1,-1,-1,-1,-1,-1,-1,-1,-1,-1,-1,-1,-1,-1,-1,-1,-1,-1,-1,-1,-1,-1,-1,-1,-1,-1,-1,-1,-1,-1,-1,-1,-1,-1,-1,-1,-1,-1,-1,-1,-1,-1,-1,-1,-1",
                        "startOffsets": "-1,-1,-1,-1,-1,-1,-1,-1,-1,-1,-1,-1,-1,-1,-1,-1,-1,-1,-1,-1,-1,-1,-1,-1,-1,-1,-1,-1,-1,-1,-1,-1,-1,-1,-1,-1,-1,-1,-1,-1,-1,-1,-1,-1,-1,-1,-1,-1,-1,-1,-1,-1,-1,-1,-1,-1,-1,-1,-1,-1,-1,-1,-1,-1,-1,-1,-1,-1,-1,-1,-1,-1,-1,-1,-1,-1,-1,-1,-1,-1,-1,-1,-1,-1,-1,-1,-1,-1,-1,-1,-1,-1,-1,-1,-1,-1,-1,-1,-1,-1,-1,-1,-1,-1,-1,-1,-1,-1,-1,-1,-1,-1,-1,-1,-1,-1,-1,-1,-1,-1,-1,-1,-1,-1,-1,-1,-1,-1,-1,-1,-1,-1,-1,-1,-1,-1,-1,-1,-1,-1,-1,-1,-1,-1,-1,-1,-1,-1,-1,-1,-1,-1,-1,-1,-1,-1,-1,-1,-1,-1,-1,-1,-1,-1,-1,-1,-1,-1,-1,-1,-1,-1,-1,-1,-1,-1,-1,-1,-1,-1,-1,-1,-1,-1,-1,-1,-1,-1,-1,-1,-1,-1,-1,-1,-1,-1,-1,-1,-1,-1,-1,-1,-1,-1,-1,-1,-1,-1,-1,-1,-1,-1,-1,-1,-1,-1,-1,-1,-1,-1,-1,-1,-1,-1,-1,-1,-1,-1,-1,-1,-1,-1,-1,-1,-1,-1,-1,-1,-1,-1,-1,-1,-1,-1,-1,-1,-1,-1,-1,-1,-1,-1,-1,-1,-1,-1,-1,-1,-1,-1,-1,-1,-1,-1,-1,-1,-1,-1,-1,-1,-1,-1,-1,-1,-1,-1,-1,-1,-1,-1,-1,-1,-1,-1,-1,-1,-1,-1,-1,-1,-1,-1,-1,-1,-1,-1,-1,-1,-1,-1,-1,-1,-1,-1,-1,-1,-1,-1,-1,-1,-1,-1,-1,-1,-1,-1,-1,-1,-1,-1,-1,-1,-1,-1,-1,-1,-1,-1,-1,-1,-1,-1,-1,-1,-1,-1,-1,-1,-1,-1,-1,-1,-1,-1,-1,-1,-1,-1,-1,-1,-1,-1,-1,-1,-1,-1,-1,-1,-1,-1,-1,-1,-1,-1,-1,-1,-1,-1,-1,-1,-1,-1,-1,-1,-1,-1,-1,-1,-1,-1,-1,-1,-1,-1,-1,-1,-1,-1,-1,-1,-1,-1,-1,-1,-1,-1,-1,-1,-1,-1,-1,-1,-1,-1,-1,-1,-1,-1,-1,-1,-1,-1,-1,-1,-1,-1,-1,-1,-1,-1,-1,-1,-1,-1,-1,-1,-1,-1,-1,-1,-1,-1,-1,-1,-1,-1,-1,-1,-1,-1,-1,-1,-1,-1,-1,-1,-1,-1,-1,-1,-1,-1,-1,-1,-1,-1,-1,-1,-1,-1,-1,-1,-1,-1,-1,-1,-1,-1,-1,-1,-1,-1,-1,-1,-1,-1,-1,-1,-1,-1,-1,-1,-1,-1,-1,-1,-1,-1,-1,-1,-1,-1,-1,-1,-1,-1,-1,-1,-1,-1,-1,-1,-1,-1,-1,-1,-1,-1,-1,-1,-1,-1,-1,-1,-1,-1,-1,-1,-1,-1,-1,-1,-1,-1,-1,-1,-1,-1,-1,-1"
                    },
                    "to": {
                        "startLines": "16,21,22,131,132,133,134,135,136,137,138,139,140,141,142,143,144,145,146,147,148,149,150,151,152,156,157,158,159,160,161,162,163,164,165,166,167,168,169,170,171,172,173,174,175,176,177,180,181,182,183,184,185,186,187,188,189,190,191,192,193,194,195,196,197,198,199,200,201,202,203,204,205,206,207,208,209,210,211,212,213,214,215,216,217,218,219,220,221,222,223,224,225,226,227,228,229,230,231,232,233,234,235,236,237,238,239,240,241,242,243,244,245,246,247,248,249,250,251,252,253,254,255,256,257,258,259,260,261,262,263,264,265,266,267,268,269,270,271,272,273,274,282,283,284,285,286,287,288,289,290,306,307,308,309,310,311,312,313,316,317,318,319,320,323,324,325,332,333,334,335,336,338,339,340,341,342,343,344,345,346,347,348,349,350,351,352,353,354,355,356,357,358,359,360,361,362,363,364,365,366,367,368,369,370,371,372,373,374,375,376,378,380,381,382,383,384,392,400,401,405,409,413,418,424,431,435,439,444,448,452,456,460,464,468,474,478,484,488,494,498,503,507,510,514,520,524,530,534,540,543,547,551,555,559,563,564,565,566,569,572,575,578,582,583,584,585,586,589,591,593,595,600,601,605,611,615,616,618,629,630,634,640,644,645,646,650,677,681,682,686,714,881,907,1075,1101,1132,1140,1146,1160,1182,1187,1192,1202,1211,1220,1224,1231,1239,1246,1247,1256,1259,1262,1266,1270,1274,1277,1278,1282,1286,1296,1301,1308,1314,1315,1318,1322,1327,1329,1331,1334,1337,1339,1343,1346,1353,1356,1359,1363,1365,1369,1371,1373,1375,1379,1387,1395,1407,1413,1422,1425,1436,1439,1444,1445,1450,1508,1567,1568,1578,1587,1588,1590,1594,1597,1600,1603,1606,1609,1612,1615,1619,1622,1625,1628,1632,1635,1639,1643,1644,1645,1646,1647,1648,1649,1650,1651,1652,1653,1654,1655,1656,1657,1658,1659,1660,1661,1662,1663,1665,1667,1668,1669,1670,1671,1672,1673,1674,1676,1677,1679,1680,1682,1684,1685,1687,1688,1689,1690,1691,1692,1694,1695,1696,1697,1698,1710,1712,1714,1716,1717,1718,1719,1720,1721,1722,1723,1724,1725,1726,1727,1728,1730,1731,1732,1733,1734,1735,1737,1741,1745,1746,1747,1748,1749,1750,1751,1752,1754,1756,1758,1760,1762,1763,1764,1765,1767,1769,1771,1772,1773,1774,1775,1776,1777,1778,1779,1780,1781,1782,1785,1786,1787,1788,1790,1792,1793,1795,1796,1798,1800,1802,1803,1804,1805,1806,1807,1808,1809,1810,1811,1812,1813,1815,1816,1817,1818,1820,1821,1822,1823,1824,1826,1828,1830,1832,1833,1834,1835,1836,1837,1838,1839,1840,1841,1842,1843,1844,1845",
                        "startColumns": "4,4,4,4,4,4,4,4,4,4,4,4,4,4,4,4,4,4,4,4,4,4,4,4,4,4,4,4,4,4,4,4,4,4,4,4,4,4,4,4,4,4,4,4,4,4,4,4,4,4,4,4,4,4,4,4,4,4,4,4,4,4,4,4,4,4,4,4,4,4,4,4,4,4,4,4,4,4,4,4,4,4,4,4,4,4,4,4,4,4,4,4,4,4,4,4,4,4,4,4,4,4,4,4,4,4,4,4,4,4,4,4,4,4,4,4,4,4,4,4,4,4,4,4,4,4,4,4,4,4,4,4,4,4,4,4,4,4,4,4,4,4,4,4,4,4,4,4,4,4,4,4,4,4,4,4,4,4,4,4,4,4,4,4,4,4,4,4,4,4,4,4,4,4,4,4,4,4,4,4,4,4,4,4,4,4,4,4,4,4,4,4,4,4,4,4,4,4,4,4,4,4,4,4,4,4,4,4,4,4,4,4,4,4,4,4,4,4,4,4,4,4,4,4,4,4,4,4,4,4,4,4,4,4,4,4,4,4,4,4,4,4,4,4,4,4,4,4,4,4,4,4,4,4,4,4,4,4,4,4,4,4,4,4,4,4,4,4,4,4,4,4,4,4,4,4,4,4,4,4,4,4,4,4,4,4,4,4,4,4,4,4,4,4,4,4,4,4,4,4,4,4,4,4,4,4,4,4,4,4,4,4,4,4,4,4,4,4,4,4,4,4,4,4,4,4,4,4,4,4,4,4,4,4,4,4,4,4,4,4,4,4,4,4,4,4,4,4,4,4,4,4,4,4,4,4,4,4,4,4,4,4,4,4,4,4,4,4,4,4,4,4,4,4,4,4,4,4,4,4,4,4,4,4,4,4,4,4,4,4,4,4,4,4,4,4,4,4,4,4,4,4,4,4,4,4,4,4,4,4,4,4,4,4,4,4,4,4,4,4,4,4,4,4,4,4,4,4,4,4,4,4,4,4,4,4,4,4,4,4,4,4,4,4,4,4,4,4,4,4,4,4,4,4,4,4,4,4,4,4,4,4,4,4,4,4,4,4,4,4,4,4,4,4,4,4,4,4,4,4,4,4,4,4,4,4,4,4,4,4,4,4,4,4,4,4,4,4,4,4,4,4,4,4,4,4,4,4,4,4,4,4,4,4,4,4,4,4,4,4,4,4,4,4,4,4,4,4,4,4",
                        "startOffsets": "725,907,952,6046,6087,6142,6201,6263,6344,6405,6480,6556,6633,6711,6796,6878,6954,7030,7107,7185,7291,7397,7476,7556,7613,7815,7889,7964,8029,8095,8155,8216,8288,8361,8428,8496,8555,8614,8673,8732,8791,8845,8899,8952,9006,9060,9114,9300,9374,9453,9526,9600,9671,9743,9815,9888,9945,10003,10076,10150,10224,10299,10371,10444,10514,10585,10645,10706,10775,10844,10914,10988,11064,11128,11205,11281,11358,11423,11492,11569,11644,11713,11781,11858,11924,11985,12082,12147,12216,12315,12386,12445,12503,12560,12619,12683,12754,12826,12898,12970,13042,13109,13177,13245,13304,13367,13431,13521,13612,13672,13738,13805,13871,13941,14005,14058,14171,14229,14292,14357,14422,14497,14570,14642,14691,14752,14813,14874,14936,15000,15064,15128,15193,15256,15316,15377,15443,15502,15562,15624,15695,15755,16311,16397,16484,16574,16661,16749,16831,16914,17004,18073,18125,18183,18228,18294,18358,18415,18472,18674,18731,18779,18828,18879,18983,19030,19079,19397,19429,19493,19555,19615,19742,19816,19886,19964,20018,20088,20173,20221,20267,20338,20416,20494,20566,20640,20714,20788,20868,20941,21010,21082,21159,21220,21283,21349,21413,21484,21547,21612,21676,21737,21798,21850,21923,21997,22066,22141,22215,22289,22430,22553,22677,22755,22845,22933,23029,23506,24088,24177,24424,24705,24957,25242,25635,26112,26334,26556,26832,27059,27289,27519,27749,27979,28206,28625,28851,29276,29506,29934,30153,30436,30644,30775,31002,31428,31653,32080,32301,32726,32846,33122,33423,33747,34038,34352,34489,34620,34725,34967,35134,35338,35546,35817,35929,36041,36146,36263,36477,36623,36763,36849,37197,37285,37531,37949,38198,38280,38378,38970,39070,39322,39746,40001,40095,40184,40421,42445,42687,42789,43042,45198,55327,56843,67071,68599,70356,70982,71402,72463,73728,73984,74220,74767,75261,75866,76064,76644,77208,77583,77701,78239,78396,78592,78865,79121,79291,79432,79496,79778,80064,80740,81004,81342,81695,81789,81975,82281,82543,82668,82795,83034,83245,83364,83557,83734,84189,84370,84492,84751,84864,85051,85153,85260,85389,85664,86172,86668,87545,87839,88409,88558,89290,89462,89798,89890,90168,94450,98875,98937,99515,100099,100190,100303,100532,100692,100844,101015,101181,101350,101517,101680,101923,102093,102266,102437,102711,102910,103115,103445,103529,103625,103721,103819,103919,104021,104123,104225,104327,104429,104529,104625,104737,104866,104989,105120,105251,105349,105463,105557,105697,105831,105927,106039,106139,106255,106351,106463,106563,106703,106839,107003,107133,107291,107441,107582,107726,107861,107973,108123,108251,108379,108515,108647,108777,108907,109019,109917,110063,110207,110345,110411,110501,110577,110681,110771,110873,110981,111089,111189,111269,111361,111459,111569,111647,111753,111845,111949,112059,112181,112344,112501,112581,112681,112771,112881,112975,113081,113173,113273,113385,113499,113615,113731,113825,113939,114051,114153,114273,114395,114477,114581,114701,114827,114925,115019,115107,115219,115335,115457,115569,115744,115860,115946,116038,116150,116274,116341,116467,116535,116663,116807,116935,117004,117099,117214,117327,117426,117535,117646,117757,117858,117963,118063,118193,118284,118407,118501,118613,118699,118803,118899,118987,119105,119209,119313,119439,119527,119635,119735,119825,119935,120019,120121,120205,120259,120323,120429,120539,120623",
                        "endLines": "16,21,22,131,132,133,134,135,136,137,138,139,140,141,142,143,144,145,146,147,148,149,150,151,152,156,157,158,159,160,161,162,163,164,165,166,167,168,169,170,171,172,173,174,175,176,177,180,181,182,183,184,185,186,187,188,189,190,191,192,193,194,195,196,197,198,199,200,201,202,203,204,205,206,207,208,209,210,211,212,213,214,215,216,217,218,219,220,221,222,223,224,225,226,227,228,229,230,231,232,233,234,235,236,237,238,239,240,241,242,243,244,245,246,247,248,249,250,251,252,253,254,255,256,257,258,259,260,261,262,263,264,265,266,267,268,269,270,271,272,273,274,282,283,284,285,286,287,288,289,290,306,307,308,309,310,311,312,313,316,317,318,319,320,323,324,325,332,333,334,335,336,338,339,340,341,342,343,344,345,346,347,348,349,350,351,352,353,354,355,356,357,358,359,360,361,362,363,364,365,366,367,368,369,370,371,372,373,374,375,376,378,380,381,382,383,384,399,400,404,408,412,417,423,430,434,438,443,447,451,455,459,463,467,473,477,483,487,493,497,502,506,509,513,519,523,529,533,539,542,546,550,554,558,562,563,564,565,568,571,574,577,581,582,583,584,585,588,590,592,594,599,600,604,610,614,615,617,628,629,633,639,643,644,645,649,676,680,681,685,713,880,906,1074,1100,1131,1139,1145,1159,1181,1186,1191,1201,1210,1219,1223,1230,1238,1245,1246,1255,1258,1261,1265,1269,1273,1276,1277,1281,1285,1295,1300,1307,1313,1314,1317,1321,1326,1328,1330,1333,1336,1338,1342,1345,1352,1355,1358,1362,1364,1368,1370,1372,1374,1378,1386,1394,1406,1412,1421,1424,1435,1438,1443,1444,1449,1507,1566,1567,1577,1586,1587,1589,1593,1596,1599,1602,1605,1608,1611,1614,1618,1621,1624,1627,1631,1634,1638,1642,1643,1644,1645,1646,1647,1648,1649,1650,1651,1652,1653,1654,1655,1656,1657,1658,1659,1660,1661,1662,1664,1666,1667,1668,1669,1670,1671,1672,1673,1675,1676,1678,1679,1681,1683,1684,1686,1687,1688,1689,1690,1691,1693,1694,1695,1696,1697,1698,1711,1713,1715,1716,1717,1718,1719,1720,1721,1722,1723,1724,1725,1726,1727,1729,1730,1731,1732,1733,1734,1736,1740,1744,1745,1746,1747,1748,1749,1750,1751,1753,1755,1757,1759,1761,1762,1763,1764,1766,1768,1770,1771,1772,1773,1774,1775,1776,1777,1778,1779,1780,1781,1784,1785,1786,1787,1789,1791,1792,1794,1795,1797,1799,1801,1802,1803,1804,1805,1806,1807,1808,1809,1810,1811,1812,1814,1815,1816,1817,1819,1820,1821,1822,1823,1825,1827,1829,1831,1832,1833,1834,1835,1836,1837,1838,1839,1840,1841,1842,1843,1844,1845",
                        "endColumns": "54,44,48,40,54,58,61,80,60,74,75,76,77,84,81,75,75,76,77,105,105,78,79,56,57,73,74,64,65,59,60,71,72,66,67,58,58,58,58,58,53,53,52,53,53,53,53,73,78,72,73,70,71,71,72,56,57,72,73,73,74,71,72,69,70,59,60,68,68,69,73,75,63,76,75,76,64,68,76,74,68,67,76,65,60,96,64,68,98,70,58,57,56,58,63,70,71,71,71,71,66,67,67,58,62,63,89,90,59,65,66,65,69,63,52,112,57,62,64,64,74,72,71,48,60,60,60,61,63,63,63,64,62,59,60,65,58,59,61,70,59,67,85,86,89,86,87,81,82,89,90,51,57,44,65,63,56,56,53,56,47,48,50,33,46,48,45,31,63,61,59,56,73,69,77,53,69,84,47,45,70,77,77,71,73,73,73,79,72,68,71,76,60,62,65,63,70,62,64,63,60,60,51,72,73,68,74,73,73,140,69,52,77,89,87,95,89,12,88,12,12,12,12,12,12,12,12,12,12,12,12,12,12,12,12,12,12,12,12,12,12,12,12,12,12,12,12,12,12,12,12,12,12,12,12,136,130,104,12,12,12,12,12,111,111,104,116,12,12,12,12,12,87,12,12,12,81,12,12,99,12,12,12,93,88,12,12,12,101,12,12,12,12,12,12,12,12,12,12,12,12,12,12,12,12,12,12,12,12,117,12,12,12,12,12,12,12,63,12,12,12,12,12,12,93,12,12,12,12,12,12,12,12,12,12,12,12,12,12,12,12,12,12,12,12,12,12,12,12,12,12,12,12,12,91,12,12,12,61,12,12,90,12,12,12,12,12,12,12,12,12,12,12,12,12,12,12,12,12,83,95,95,97,99,101,101,101,101,101,99,95,111,128,122,130,130,97,113,93,12,12,95,111,99,115,95,111,99,12,135,12,129,12,12,140,12,134,111,149,127,127,12,131,129,129,111,139,12,12,12,65,89,75,103,89,101,107,107,99,79,91,97,12,77,105,91,103,109,12,12,12,79,99,89,109,93,105,91,12,12,12,12,12,93,113,111,12,12,12,81,103,119,125,97,93,87,111,115,121,111,12,115,85,91,12,12,66,12,67,12,12,12,68,94,114,112,98,108,110,110,100,104,99,12,90,122,93,12,85,103,95,87,12,12,12,12,87,107,99,89,109,83,101,83,53,63,105,109,83,119",
                        "endOffsets": "775,947,996,6082,6137,6196,6258,6339,6400,6475,6551,6628,6706,6791,6873,6949,7025,7102,7180,7286,7392,7471,7551,7608,7666,7884,7959,8024,8090,8150,8211,8283,8356,8423,8491,8550,8609,8668,8727,8786,8840,8894,8947,9001,9055,9109,9163,9369,9448,9521,9595,9666,9738,9810,9883,9940,9998,10071,10145,10219,10294,10366,10439,10509,10580,10640,10701,10770,10839,10909,10983,11059,11123,11200,11276,11353,11418,11487,11564,11639,11708,11776,11853,11919,11980,12077,12142,12211,12310,12381,12440,12498,12555,12614,12678,12749,12821,12893,12965,13037,13104,13172,13240,13299,13362,13426,13516,13607,13667,13733,13800,13866,13936,14000,14053,14166,14224,14287,14352,14417,14492,14565,14637,14686,14747,14808,14869,14931,14995,15059,15123,15188,15251,15311,15372,15438,15497,15557,15619,15690,15750,15818,16392,16479,16569,16656,16744,16826,16909,16999,17090,18120,18178,18223,18289,18353,18410,18467,18521,18726,18774,18823,18874,18908,19025,19074,19120,19424,19488,19550,19610,19667,19811,19881,19959,20013,20083,20168,20216,20262,20333,20411,20489,20561,20635,20709,20783,20863,20936,21005,21077,21154,21215,21278,21344,21408,21479,21542,21607,21671,21732,21793,21845,21918,21992,22061,22136,22210,22284,22425,22495,22601,22750,22840,22928,23024,23114,24083,24172,24419,24700,24952,25237,25630,26107,26329,26551,26827,27054,27284,27514,27744,27974,28201,28620,28846,29271,29501,29929,30148,30431,30639,30770,30997,31423,31648,32075,32296,32721,32841,33117,33418,33742,34033,34347,34484,34615,34720,34962,35129,35333,35541,35812,35924,36036,36141,36258,36472,36618,36758,36844,37192,37280,37526,37944,38193,38275,38373,38965,39065,39317,39741,39996,40090,40179,40416,42440,42682,42784,43037,45193,55322,56838,67066,68594,70351,70977,71397,72458,73723,73979,74215,74762,75256,75861,76059,76639,77203,77578,77696,78234,78391,78587,78860,79116,79286,79427,79491,79773,80059,80735,80999,81337,81690,81784,81970,82276,82538,82663,82790,83029,83240,83359,83552,83729,84184,84365,84487,84746,84859,85046,85148,85255,85384,85659,86167,86663,87540,87834,88404,88553,89285,89457,89793,89885,90163,94445,98870,98932,99510,100094,100185,100298,100527,100687,100839,101010,101176,101345,101512,101675,101918,102088,102261,102432,102706,102905,103110,103440,103524,103620,103716,103814,103914,104016,104118,104220,104322,104424,104524,104620,104732,104861,104984,105115,105246,105344,105458,105552,105692,105826,105922,106034,106134,106250,106346,106458,106558,106698,106834,106998,107128,107286,107436,107577,107721,107856,107968,108118,108246,108374,108510,108642,108772,108902,109014,109154,110058,110202,110340,110406,110496,110572,110676,110766,110868,110976,111084,111184,111264,111356,111454,111564,111642,111748,111840,111944,112054,112176,112339,112496,112576,112676,112766,112876,112970,113076,113168,113268,113380,113494,113610,113726,113820,113934,114046,114148,114268,114390,114472,114576,114696,114822,114920,115014,115102,115214,115330,115452,115564,115739,115855,115941,116033,116145,116269,116336,116462,116530,116658,116802,116930,116999,117094,117209,117322,117421,117530,117641,117752,117853,117958,118058,118188,118279,118402,118496,118608,118694,118798,118894,118982,119100,119204,119308,119434,119522,119630,119730,119820,119930,120014,120116,120200,120254,120318,120424,120534,120618,120738"
                    }
                },
                {
                    "source": "C:\\Users\\dawoo\\AndroidStudioProjects\\SketchAnImage\\app\\src\\main\\res\\values\\colors.xml",
                    "from": {
                        "startLines": "-1,-1,-1",
                        "startColumns": "-1,-1,-1",
                        "startOffsets": "-1,-1,-1"
                    },
                    "to": {
                        "startLines": "153,154,155",
                        "startColumns": "4,4,4",
                        "startOffsets": "7671,7717,7764",
                        "endColumns": "45,46,50",
                        "endOffsets": "7712,7759,7810"
                    }
                },
                {
                    "source": "C:\\Users\\dawoo\\AndroidStudioProjects\\SketchAnImage\\app\\src\\main\\res\\values\\strings.xml",
                    "from": {
                        "startLines": "-1",
                        "startColumns": "-1",
                        "startOffsets": "-1"
                    },
                    "to": {
                        "startLines": "377",
                        "startColumns": "4",
                        "startOffsets": "22500",
                        "endColumns": "52",
                        "endOffsets": "22548"
                    }
                },
                {
                    "source": "C:\\Users\\dawoo\\.gradle\\caches\\transforms-2\\files-2.1\\8f8ab13dc8f4e84e14a8bb3d9ac92bc4\\core-1.0.1\\res\\values\\values.xml",
                    "from": {
                        "startLines": "-1,-1,-1,-1,-1,-1,-1,-1,-1,-1,-1,-1,-1,-1,-1,-1,-1,-1,-1,-1,-1,-1,-1,-1,-1,-1,-1,-1,-1,-1,-1,-1,-1,-1,-1,-1,-1,-1,-1,-1,-1,-1,-1",
                        "startColumns": "-1,-1,-1,-1,-1,-1,-1,-1,-1,-1,-1,-1,-1,-1,-1,-1,-1,-1,-1,-1,-1,-1,-1,-1,-1,-1,-1,-1,-1,-1,-1,-1,-1,-1,-1,-1,-1,-1,-1,-1,-1,-1,-1",
                        "startOffsets": "-1,-1,-1,-1,-1,-1,-1,-1,-1,-1,-1,-1,-1,-1,-1,-1,-1,-1,-1,-1,-1,-1,-1,-1,-1,-1,-1,-1,-1,-1,-1,-1,-1,-1,-1,-1,-1,-1,-1,-1,-1,-1,-1"
                    },
                    "to": {
                        "startLines": "178,179,275,276,277,278,279,280,281,291,292,293,294,295,296,297,298,299,300,301,302,303,304,305,314,315,321,322,326,327,328,329,330,331,337,379,1699,1700,1704,1705,1709,1846,1847",
                        "startColumns": "4,4,4,4,4,4,4,4,4,4,4,4,4,4,4,4,4,4,4,4,4,4,4,4,4,4,4,4,4,4,4,4,4,4,4,4,4,4,4,4,4,4,4",
                        "startOffsets": "9168,9237,15823,15893,15961,16033,16103,16164,16238,17095,17156,17217,17279,17343,17405,17466,17534,17634,17694,17760,17833,17902,17959,18011,18526,18598,18913,18948,19125,19175,19236,19293,19327,19362,19672,22606,109159,109276,109477,109587,109788,120743,120815",
                        "endLines": "178,179,275,276,277,278,279,280,281,291,292,293,294,295,296,297,298,299,300,301,302,303,304,305,314,315,321,322,326,327,328,329,330,331,337,379,1699,1703,1704,1708,1709,1846,1847",
                        "endColumns": "68,62,69,67,71,69,60,73,72,60,60,61,63,61,60,67,99,59,65,72,68,56,51,61,71,75,34,34,49,60,56,33,34,34,69,70,116,12,109,12,128,71,66",
                        "endOffsets": "9232,9295,15888,15956,16028,16098,16159,16233,16306,17151,17212,17274,17338,17400,17461,17529,17629,17689,17755,17828,17897,17954,18006,18068,18593,18669,18943,18978,19170,19231,19288,19322,19357,19392,19737,22672,109271,109472,109582,109783,109912,120810,120877"
                    }
                },
                {
                    "source": "C:\\Users\\dawoo\\.gradle\\caches\\transforms-2\\files-2.1\\3ec6fa8458ddbe732478393a9f9e6c77\\constraintlayout-1.1.3\\res\\values\\values.xml",
                    "from": {
                        "startLines": "-1,-1,-1,-1,-1,-1,-1,-1,-1,-1,-1,-1,-1,-1,-1,-1,-1,-1,-1,-1,-1,-1,-1,-1,-1,-1,-1,-1,-1,-1,-1,-1,-1,-1,-1,-1,-1,-1,-1,-1,-1,-1,-1,-1,-1,-1,-1,-1,-1,-1,-1,-1,-1,-1,-1,-1,-1",
                        "startColumns": "-1,-1,-1,-1,-1,-1,-1,-1,-1,-1,-1,-1,-1,-1,-1,-1,-1,-1,-1,-1,-1,-1,-1,-1,-1,-1,-1,-1,-1,-1,-1,-1,-1,-1,-1,-1,-1,-1,-1,-1,-1,-1,-1,-1,-1,-1,-1,-1,-1,-1,-1,-1,-1,-1,-1,-1,-1",
                        "startOffsets": "-1,-1,-1,-1,-1,-1,-1,-1,-1,-1,-1,-1,-1,-1,-1,-1,-1,-1,-1,-1,-1,-1,-1,-1,-1,-1,-1,-1,-1,-1,-1,-1,-1,-1,-1,-1,-1,-1,-1,-1,-1,-1,-1,-1,-1,-1,-1,-1,-1,-1,-1,-1,-1,-1,-1,-1,-1"
                    },
                    "to": {
                        "startLines": "2,3,11,12,13,14,17,23,24,25,26,29,30,33,36,37,38,39,40,43,46,47,48,49,54,57,60,61,62,67,68,69,72,75,76,79,82,85,88,89,92,95,96,101,102,107,110,113,114,115,116,117,118,119,120,121,122",
                        "startColumns": "4,4,4,4,4,4,4,4,4,4,4,4,4,4,4,4,4,4,4,4,4,4,4,4,4,4,4,4,4,4,4,4,4,4,4,4,4,4,4,4,4,4,4,4,4,4,4,4,4,4,4,4,4,4,4,4,4",
                        "startOffsets": "105,166,457,505,557,618,780,1001,1062,1122,1192,1325,1393,1522,1648,1710,1775,1843,1910,2033,2158,2225,2290,2355,2536,2657,2778,2844,2911,3121,3190,3256,3381,3507,3574,3700,3827,3952,4079,4144,4270,4393,4458,4666,4733,4913,5033,5153,5218,5280,5342,5404,5463,5523,5584,5645,5704",
                        "endLines": "2,10,11,12,13,14,20,23,24,25,28,29,32,35,36,37,38,39,42,45,46,47,48,53,56,59,60,61,66,67,68,71,74,75,78,81,84,87,88,91,94,95,100,101,106,109,112,113,114,115,116,117,118,119,120,121,130",
                        "endColumns": "60,11,47,51,60,45,11,60,59,69,11,67,11,11,61,64,67,66,11,11,66,64,64,11,11,11,65,66,11,68,65,11,11,66,11,11,11,11,64,11,11,64,11,66,11,11,11,64,61,61,61,58,59,60,60,58,11",
                        "endOffsets": "161,452,500,552,613,659,902,1057,1117,1187,1320,1388,1517,1643,1705,1770,1838,1905,2028,2153,2220,2285,2350,2531,2652,2773,2839,2906,3116,3185,3251,3376,3502,3569,3695,3822,3947,4074,4139,4265,4388,4453,4661,4728,4908,5028,5148,5213,5275,5337,5399,5458,5518,5579,5640,5699,6041"
                    }
                },
                {
                    "source": "C:\\Users\\dawoo\\.gradle\\caches\\transforms-2\\files-2.1\\8849109129fcb2f39779166fb64480b1\\coordinatorlayout-1.0.0\\res\\values\\values.xml",
                    "from": {
                        "startLines": "-1,-1",
                        "startColumns": "-1,-1",
                        "startOffsets": "-1,-1"
                    },
                    "to": {
                        "startLines": "15,1848",
                        "startColumns": "4,4",
                        "startOffsets": "664,120882",
                        "endLines": "15,1850",
                        "endColumns": "60,12",
                        "endOffsets": "720,121022"
                    }
                },
                {
                    "source": "C:\\Users\\dawoo\\AndroidStudioProjects\\SketchAnImage\\app\\src\\main\\res\\values\\styles.xml",
                    "from": {
                        "startLines": "3",
                        "startColumns": "4",
                        "startOffsets": "57",
                        "endLines": "9",
                        "endColumns": "12",
                        "endOffsets": "445"
                    },
                    "to": {
                        "startLines": "385",
                        "startColumns": "4",
                        "startOffsets": "23119",
                        "endLines": "391",
                        "endColumns": "12",
                        "endOffsets": "23501"
                    }
                }
            ]
        }
    ]
}