{
    "logs": [
        {
            "outputFile": "C:\\Users\\dawoo\\AndroidStudioProjects\\SketchAnImage\\app\\build\\intermediates\\incremental\\mergeDebugResources\\merged.dir\\values-de\\values-de.xml",
            "map": [
                {
                    "source": "C:\\Users\\dawoo\\.gradle\\caches\\transforms-2\\files-2.1\\697f71c0c12135256cbfe98df498a7e4\\appcompat-1.0.2\\res\\values-de\\values-de.xml",
                    "from": {
                        "startLines": "2,3,4,5,6,7,8,9,10,11,12,13,14,15,16,17,18,19,20,21,22,23,24,25,26,27,28,29",
                        "startColumns": "4,4,4,4,4,4,4,4,4,4,4,4,4,4,4,4,4,4,4,4,4,4,4,4,4,4,4,4",
                        "startOffsets": "105,210,308,420,506,611,726,803,879,971,1065,1162,1263,1371,1471,1575,1675,1773,1870,1952,2063,2166,2265,2376,2478,2585,2741,2843",
                        "endColumns": "104,97,111,85,104,114,76,75,91,93,96,100,107,99,103,99,97,96,81,110,102,98,110,101,106,155,101,81",
                        "endOffsets": "205,303,415,501,606,721,798,874,966,1060,1157,1258,1366,1466,1570,1670,1768,1865,1947,2058,2161,2260,2371,2473,2580,2736,2838,2920"
                    }
                },
                {
                    "source": "C:\\Users\\dawoo\\.gradle\\caches\\transforms-2\\files-2.1\\8f8ab13dc8f4e84e14a8bb3d9ac92bc4\\core-1.0.1\\res\\values-de\\values-de.xml",
                    "from": {
                        "startLines": "2",
                        "startColumns": "4",
                        "startOffsets": "55",
                        "endColumns": "100",
                        "endOffsets": "151"
                    },
                    "to": {
                        "startLines": "30",
                        "startColumns": "4",
                        "startOffsets": "2925",
                        "endColumns": "100",
                        "endOffsets": "3021"
                    }
                }
            ]
        }
    ]
}