{
    "logs": [
        {
            "outputFile": "C:\\Users\\dawoo\\AndroidStudioProjects\\SketchAnImage\\app\\build\\intermediates\\incremental\\mergeDebugResources\\merged.dir\\values-v28\\values-v28.xml",
            "map": [
                {
                    "source": "C:\\Users\\dawoo\\.gradle\\caches\\transforms-2\\files-2.1\\697f71c0c12135256cbfe98df498a7e4\\appcompat-1.0.2\\res\\values-v28\\values-v28.xml",
                    "from": {
                        "startLines": "2,3,4,8",
                        "startColumns": "4,4,4,4",
                        "startOffsets": "55,130,217,447",
                        "endLines": "2,3,7,11",
                        "endColumns": "74,86,12,12",
                        "endOffsets": "125,212,442,684"
                    }
                }
            ]
        }
    ]
}